arm	sample	binner	e1_bins	e2_bins	classification	evidence	action
short	strain_sample_49	MetaBAT2	0	7	failed silently	E1's depth file gives mean depth 0.0059 over the 2,330 contigs of 2,500 bp or more (neighbour strain_sample_48: 22.8), against a 97.44% bowtie2 alignment rate for the same sample. MetaBAT2 exited 0 in 2 s and put 7,131 contigs in its lowDepth discard. The other 207 short samples have a mean depth of 2 or more.	Regenerate the BAM with nf-core's bowtie2 command, then rerun nf-core's METABAT2 and CHECKM2_PREDICT
short	strain_sample_49	DASTool	5	5	two inputs	FASTATOCONTIG2BIN ran 623 = 3 x 208 - 1 times: this sample's DAS Tool had no MetaBAT2 input	Rerun nf-core's DASTOOL over three inputs after the MetaBAT2 gapfill, then CHECKM2_PREDICT
long	plant_associated_long_nano_sample_7	MetaBAT2	26	28	present in nested tar	long/b19/<sample>/<sample>.b19.tar holds metabat2_bins/, lists/{COMEBin,MetaBAT2,SemiBin2}.tsv and a three-binner DAS Tool contig2bin	None: extract in T10
long	toy_humangut_long_sample_1	MetaBAT2	57	63	present in nested tar	as above	None: extract in T10
long	toy_humangut_long_sample_5	MetaBAT2	54	56	present in nested tar	as above	None: extract in T10
long	toy_humangut_long_sample_6	MetaBAT2	60	62	present in nested tar	as above	None: extract in T10
long	toy_humangut_long_sample_7	MetaBAT2	45	44	present in nested tar	as above	None: extract in T10
long	toy_humangut_long_sample_13	MetaBAT2	61	58	present in nested tar	as above	None: extract in T10
long	all 41	DASTool	b19 contig2bin only	567	no bin FASTAs	nf-core's own long depth files give mean depth 0.0003 to 0.0020 on every sample (B19, --percentIdentity 97), so its DAS Tool chose from two sets. The b19 rerun ran a three-binner DAS Tool on all 41 samples but wrote only contig-to-bin tables	Derive each bin from its contig2bin table and the Flye assembly, then run nf-core's CHECKM2_PREDICT
