gene	iml_gene	n_rxn	rxns	ref_flux_max	wt_relax	fba_relax	wt_force	fba_force	delta_relax	delta_relax_pct	answered_relax	delta_force	delta_force_pct	answered_force	measured_pct_wt	map_route	measured_pct_change	measured_sign	sign_relax	match_relax	sign_force	match_force
aspP	b3034	1	ADPRDP	0.0	0.8966923076922516	0.8966923076920297	0.8966923076153507	0.842846153848864	-2.219335826225688e-13	-2.4750249413172984e-11	False	-0.053846153766486715	-6.00497554280178	True	69.9	b_number	-30.099999999999994	-1	-1		-1	True
cpdB	b4213	8	23PDE2pp,23PDE4pp,23PDE7pp,23PDE9pp,3NTD2pp,3NTD4pp,3NTD7pp,3NTD9pp	0.0	0.8966923076922516	0.8966923076929875	0.8966923076153507		7.358558207215538e-13	8.206335823437246e-11	False			False	31.5	b_number	-68.5	-1	1		0	
cydC	b0886	2	CYSabc2pp,GTHRDabc2pp	0.0	0.8966923076922516	0.8966923076930899	0.8966923076153507	0.8659230769186318	8.383294058944557e-13	9.34913123155924e-11	False	-0.030769230696718886	-3.431414592877025	True	54.8	b_number	-45.2	-1	1		-1	True
cysI	b2763	4	FADRx2,FLVR,FMNRx2,SULR	0.19533692215873305	0.8966923076922516	0.8966923076926084	0.8966923076153507	0.7066138611997783	3.568256801145253e-13	3.9793547580759364e-11	False	-0.19007844641557237	-21.197733581663478	True	41.6	b_number	-58.4	-1	1		-1	True
cysP	b2425	5	MOBDabcpp,SELabcpp,SLNTabcpp,SULabcpp,TSULabcpp	5.525082450889894e-06	0.8966923076922516	0.896692307679438	0.8966923076153507		-1.2813639038711244e-11	-1.4289895127670634e-09	False			False	57.8	b_number	-42.2	-1	-1		0	
ddg	b2378	1	EDTXS3	0.0	0.8966923076922516	0.8966923076920332	0.8966923076153507		-2.183808689437683e-13	-2.4354047321516388e-11	False			False	149.8	b_number	49.80000000000001	1	-1		0	
dos	b1489	3	CDGUNPD,PDE1,PDE4	0.0	0.8966923076922516	0.8966923076926084	0.8966923076153507	0.8351538461549933	3.568256801145253e-13	3.9793547580759364e-11	False	-0.06153846146035735	-6.862829193216987	True	170.1	b_number	70.1	1	1		-1	False
erfK	b1990	5	MLDCP1App,MLDCP1Bpp,MLDCP2App,MLDCP2Bpp,MLDCP3App	0.0	0.8966923076922516	0.8966923076923692	0.8966923076153507	0.17746153845224552	1.1757261830780408e-13	1.3111812970760476e-11	False	-0.7192307691631051	-80.20931628997866	True	269.2	b_number	169.2	1	1		-1	False
glgA	b3429	1	GLCS1	0.8966923076926083	0.8966923076922516	0.8966923076924821	0.8966923076153507	0.8608246153734865	2.304822999121825e-13	2.5703610696221668e-11	False	-0.035867692241864146	-3.999999993002072	True	327.9	b_number	227.89999999999998	1	1		-1	False
glgB	b3432	1	GLBRAN2	0.0	0.8966923076922516	0.8966923076925627	0.8966923076153507	0.8966923076754127	3.1108449149996886e-13	3.469244565068069e-11	False	6.00620664314988e-11	6.698180180805489e-09	False	26.4	b_number	-73.6	-1	1		1	
glgC	b3430	1	GLGC	0.8966923076926083	0.8966923076922516	0.8966923076896868	0.8966923076153507	0.8608246153963102	-2.5648372314890366e-12	-2.860331475453338e-10	False	-0.035867692219040515	-3.9999999904567582	True	453.3	b_number	353.3	1	-1		-1	False
glgP	b3428	2	GLCP,GLCP2	0.0	0.8966923076922516	0.8966923076926084	0.8966923076153507	0.8813076923099951	3.568256801145253e-13	3.9793547580759364e-11	False	-0.01538461530535562	-1.7157072916426843	True	59.8	b_number	-40.2	-1	1		-1	True
gltI	b0655	2	ASPabcpp,GLUabcpp	0.0	0.8966923076922516	0.8966923076936613	0.8966923076153507	0.8832307692198436	1.4096501743665613e-12	1.5720556118011874e-10	False	-0.013461538395507122	-1.5012438805577049	True	28.5	b_number	-71.5	-1	1		-1	True
gntT	b3415	1	GLCNt2rpp	0.0	0.8966923076922516	0.8966923076925516	0.8966923076153507	0.8889999999947511	2.999822612537173e-13	3.345431411425383e-11	False	-0.007692307620599581	-0.8578536422439468	True	42.6	b_number	-57.4	-1	1		-1	True
gor	b3500	1	GTHOr	0.0	0.8966923076922516	0.8966923076926081	0.8966923076153507	0.8966474703980656	3.5649261320713777e-13	3.9756403634666556e-11	False	-4.4837217285098596e-05	-0.005000290166906637	True	60.8	b_number	-39.2	-1	1		-1	True
gpp	b3779	1	GTPDPDP	0.0	0.8966923076922516	0.8966923076895924	0.8966923076153507	0.8736153846132363	-2.659206188582175e-12	-2.9655726560496213e-10	False	-0.02307692300211439	-2.573560942379978	True	49.7	b_number	-50.3	-1	-1		-1	True
hyuA	b2873	1	PHDA	0.0	0.8966923076922516	0.8966923076928421	0.8966923076153507		5.905276267981208e-13	6.585621642254483e-11	False			False	161.0	b_number	61.0	1	1		0	
malP	b3417	5	GLCP,GLCP2,MLTP1,MLTP2,MLTP3	0.0	0.8966923076922516	0.896692307691399	0.8966923076153507		-8.526512829121202e-13	-9.508850199758305e-11	False			False	60.8	b_number	-39.2	-1	-1		0	
metH	b4019	1	METS	0.12183517171955896	0.8966923076922516	0.8966923076927484	0.8966923076153507	0.7145252961263063	4.968248035197576e-13	5.54063862551021e-11	False	-0.18216701148904435	-20.31544264871597	True	47.7	b_number	-52.3	-1	1		-1	True
nagB	b0678	1	G6PDA	0.0	0.8966923076922516	0.8966923076918295	0.8966923076153507	0.8890000000206015	-4.221067939624845e-13	-4.707376101494932e-11	False	-0.007692307594749148	-0.8578536393610813	True	44.7	b_number	-55.3	-1	-1		-1	True
nagD	b0675	7	G3PT,NTD2,NTD4,NTD7,NTD9,PYDXPP,R5PP	0.0	0.8966923076922516	0.8966923076912546	0.8966923076153507	0.8436404907201508	-9.969802761133906e-13	-1.1118421197113226e-10	False	-0.05305181689519989	-5.9163903208097155	True	30.5	b_number	-69.5	-1	-1		-1	True
pfs	b0159	3	5DOAN,AHCYSNS,MTAN	0.00035360527685694124	0.8966923076922516	0.89669230769279	0.8966923076153507		5.383471446407384e-13	6.003699820133857e-11	False			False	68.9	b_number	-31.099999999999994	-1	1		0	
ppk	b2501	2	PPK,PPK2	0.0	0.8966923076922516	0.8966923076926084	0.8966923076153507	0.8813076923092121	3.568256801145253e-13	3.9793547580759364e-11	False	-0.01538461530613855	-1.7157072917299974	True	61.8	b_number	-38.2	-1	1		-1	True
ppx	b2502	2	PPA,PPA2	3.6604672051190903	0.8966923076922516	0.8966923076923365	0.8966923076153507	0.7422736194736861	8.493206138382448e-14	9.471706253665499e-12	False	-0.1544186881416646	-17.220922587406065	True	211.5	b_number	111.5	1	1		-1	False
pspE	b1308	1	CYANSTpp	0.0	0.8966923076922516	0.8966923076932362	0.8966923076153507		9.845457782375888e-13	1.0979750465033417e-10	False			False	160.0	b_number	60.0	1	1		0	
pstC	b3727	1	PIuabcpp	0.0	0.8966923076922516	0.896692307692406	0.8966923076153507	0.8909230769305476	1.5443202272535927e-13	1.7222409671697658e-11	False	-0.005769230684803062	-0.6433902282652186	True	38.6	b_number	-61.4	-1	1		-1	True
ptsI	b2416	21	2DGLCptspp,ACGAptspp,ACMANAptspp,ACMUMptspp,ARBTptspp,ASCBptspp,CELBpts,CHTBSptspp,DHAPT,FRUpts2pp,FRUptspp,GALTptspp,GAMptspp,GLCptspp,MALTptspp,MANGLYCptspp,MANptspp,MNLptspp,SBTptspp,SUCptspp,TREptspp	10.0	0.8966923076922516	0.8966923076900563	0.8966923076153507		-2.1953550088937845e-12	-2.448281300130478e-10	False			False	149.8	b_number	49.80000000000001	1	-1		0	
putP	b1015	2	PPAt4pp,PROt4pp	0.004108293450983127	0.8966923076922516	0.896692307693009	0.8966923076153507		7.573941473992818e-13	8.446533341504057e-11	False			False	157.9	b_number	57.900000000000006	1	1		0	
rpiB	b4090	2	ALLPI,RPI	1.2460931909180901	0.8966923076922516	0.8966923076917395	0.8966923076153507		-5.121458812595847e-13	-5.7115007775371175e-11	False			False	35.5	b_number	-64.5	-1	-1		0	
rutF	b1007	1	PYROX	0.0	0.8966923076922516	0.8966923076915132	0.8966923076153507	0.744769230761124	-7.384093336781916e-13	-8.234812848775064e-11	False	-0.15192307685422668	-16.942609584579632	True	177.1	b_number	77.1	1	-1		-1	False
serB	b4388	1	PSP_L	1.3558824642150735	0.8966923076922516	0.8966923076921567	0.8966923076153507	0.829904390318988	-9.492406860545088e-14	-1.0586024636449675e-11	False	-0.06678791729636269	-7.448253623807414	True	49.7	b_number	-50.3	-1	-1		-1	True
spoT	b3650	3	GDPDPK,GDPTPDP,PPGPPDP	0.0	0.8966923076922516	0.8966923076926084	0.8966923076153507	0.8659230769305039	3.568256801145253e-13	3.9793547580759364e-11	False	-0.030769230684846827	-3.4314145915530414	True	36.6	b_number	-63.4	-1	1		-1	True
ssuA	b0936	5	BUTSO3abcpp,ETHSO3abcpp,ISETACabcpp,MSO3abcpp,SULFACabcpp	0.0	0.8966923076922516	0.896692307693135	0.8966923076153507		8.834044606942371e-13	9.851812635348545e-11	False			False	191.3	b_number	91.30000000000001	1	1		0	
talA	b2464	1	TALA	0.0	0.8966923076922516	0.8966923076917238	0.8966923076153507	0.8966923076910189	-5.278000259067994e-13	-5.886077324173304e-11	False	7.566824944404971e-11	8.438596919079261e-09	False	49.7	b_number	-50.3	-1	-1		1	
thrB	b0003	2	4HTHRK,HSK	0.42954832444192775	0.8966923076922516	0.8966923076909299	0.8966923076153507		-1.3217205108162489e-12	-1.4739955941161798e-10	False			False	33.5	b_number	-66.5	-1	-1		0	
tnaA	b3708	3	CYSDS,SERD_L,TRPAS2	0.044866037393704886	0.8966923076922516	0.8966923076894285	0.8966923076153507	0.560992978275072	-2.823075107016848e-12	-3.1483208708262263e-10	False	-0.3356993293402787	-37.437516357537646	True	50.7	b_number	-49.3	-1	-1		-1	True
xylG	b3567	1	XYLabcpp	0.0	0.8966923076922516	0.896692307688621	0.8966923076153507		-3.630651335129187e-12	-4.048937750423126e-10	False			False	29.5	b_number	-70.5	-1	-1		0	
yeaP	b1794	1	DGUNC	0.0	0.8966923076922516	0.8966923076932003	0.8966923076153507	0.8659230769289995	9.486855745421963e-13	1.0579833978767541e-10	False	-0.03076923068635118	-3.431414591720808	True	35.5	b_number	-64.5	-1	1		-1	True
yifJ	b3792	1	ECAtpp	0.0	0.8966923076922516	0.8966923076917969	0.8966923076153507		-4.547473508864641e-13	-5.071386773204429e-11	False			False	192.3	b_number	92.30000000000001	1	-1		0	
