mnxm	ecmdb	name	route	join	conc_mM	n_used	n_all	preferred	log10_spread	log10_range	min_mM	max_mM
MNXM741173	ECMDB00148	L-Glutamate	kegg	accession	86.21414094301707	3	5	True	1.027125067938382	2.759886504331022	0.259	149.0
MNXM741172	ECMDB00148	L-Glutamate	kegg	alias	86.21414094301707	3	5	True	1.027125067938382	2.759886504331022	0.259	149.0
MNXM331	ECMDB00148	L-Glutamate	kegg	alias	86.21414094301707	3	5	True	1.027125067938382	2.759886504331022	0.259	149.0
MNXM95	ECMDB04139	Potassium	kegg	accession	78.50559144452619	3	3	False	0.6453268901504601	1.3699112850717943	9.6	225.0
MNXM27	ECMDB02908	Sodium	kegg	accession	40.37153829746111	3	3	False	0.664907557558748	1.5751878449276613	5.0	188.0
MNXM726710	ECMDB00692	Iron	kegg	accession	17.999999999999996	1	1	False	0.0	0.0	18.0	18.0
MNXM735978	ECMDB04037	Chloride	kegg	accession	16.589595260376196	3	3	False	0.35538309589148587	0.8702087605972879	6.0	44.5
MNXM490899	ECMDB00125	Glutathione	kegg	accession	13.254388388582992	3	4	True	1.0543866849983785	2.5379424917162137	0.051000000000000004	17.6
MNXM3	ECMDB00538	Adenosine triphosphate	kegg	accession	7.10315411008054	3	6	True	0.5201371580222404	1.4927153400685582	0.31	9.64
MNXM37807	ECMDB00538	Adenosine triphosphate	kegg	alias	7.10315411008054	3	6	True	0.5201371580222404	1.4927153400685582	0.31	9.64
MNXM1364497	ECMDB00191	L-Aspartic acid	kegg	accession	6.612569023594504	3	5	True	0.5798294961023128	1.4408530476825965	0.337	9.3
MNXM9	ECMDB01429	Phosphate	kegg	accession	4.999999999999999	1	1	False	0.0	0.0	5.0	5.0
MNXM1107752	ECMDB00094	Citric acid	kegg	accession	4.635138586547328	3	4	True	0.8333086080707968	2.344808920242569	0.099	21.900000000000002
MNXM1104529	ECMDB00290	Uridine diphosphate-N-acetylglucosamine	kegg	accession	4.5003022019271	3	4	True	0.4492954448328911	1.2316726846817199	0.542	9.24
MNXM1101474	ECMDB00285	Uridine triphosphate	kegg	accession	4.279817570906594	3	4	True	0.4003814928497844	1.0970410021455004	0.663	8.290000000000001
MNXM731165	ECMDB00657	Copper	kegg	accession	4.0	1	1	False	0.0	0.0	4.0	4.0
MNXM729215	ECMDB01303	Zinc	kegg	accession	4.0	1	1	False	0.0	0.0	4.0	4.0
MNXM1932	ECMDB01333	Manganese	kegg	accession	4.0	1	1	False	0.0	0.0	4.0	4.0
MNXM737841	ECMDB21390	Molybdenum	kegg	accession	4.0	1	1	False	0.0	0.0	4.0	4.0
MNXM37	ECMDB00641	L-Glutamine	kegg	accession	3.8644159596183165	3	6	True	0.5848795112869002	1.4297873759240323	0.184	4.95
MNXM1819	ECMDB00641	L-Glutamine	kegg	alias	3.8644159596183165	3	6	True	0.5848795112869002	1.4297873759240323	0.184	4.95
MNXM1371191	ECMDB21221	Glutathione disulfide	kegg	accession	3.07603780159995	3	4	True	0.23851386067864053	0.6386080952319977	1.68	7.3100000000000005
MNXM8	ECMDB00902	NAD	kegg	accession	2.9349601283923725	3	6	True	0.313585613666818	0.8161721164307103	0.623	4.08
MNXM727276	ECMDB01423	Coenzyme A	kegg	accession	2.844413391904566	3	3	True	0.22725899432565552	0.5203352857006971	1.37	4.54
MNXM23	ECMDB00243	Pyruvic acid	kegg	accession	2.6916537667389546	2	2	False	0.4757766854642718	0.9515533709285436	0.9	8.05
MNXM1107192	ECMDB00156	L-Malic acid	kegg	accession	2.6824040950811665	3	3	True	0.14383167220987927	0.31250981334741135	1.68	3.45
MNXM1103553	ECMDB01273	Guanosine triphosphate	kegg	accession	2.5393959234721124	3	5	True	0.4051269887761897	1.0964643541881351	0.39	4.87
MNXM1364229	ECMDB20123	beta-D-Fructose 1,6-bisphosphate	kegg	accession	2.3820324892412494	3	7	True	1.1301577007956256	3.482873583608754	0.005	15.200000000000001
MNXM199	ECMDB00883	L-Valine	kegg	accession	2.1436231458283213	3	6	True	0.42049797376016074	1.3465474782152855	0.181	4.0200000000000005
MNXM727604	ECMDB04131	3-Phosphoglycerate	kegg	accession	2.1169922935767316	3	3	True	0.20151382154346995	0.4316832157967105	1.51	4.08
MNXM1103104	ECMDB00296	Uridine	kegg	accession	2.09	1	1	True	0.0	0.0	2.09	2.09
MNXM1102128	ECMDB00295	Uridine 5'-diphosphate	kegg	accession	1.79	1	2	True	0.3331328631540691	0.6662657263081382	0.386	1.79
MNXM1103718	ECMDB00082	Cytidine triphosphate	kegg	accession	1.6380588772758666	3	4	True	0.35893182299537524	0.9859135387213949	0.28200000000000003	2.73
MNXM1105732	ECMDB00161	L-Alanine	kegg	accession	1.5830723878983763	3	6	True	0.269752974224969	0.8526571537900809	0.358	2.5500000000000003
MNXM733981	ECMDB00161	L-Alanine	kegg	alias	1.5830723878983763	3	6	True	0.269752974224969	0.8526571537900809	0.358	2.5500000000000003
MNXM653	ECMDB00547	Magnesium	kegg	accession	1.4968824138154981	3	3	False	0.592710376645854	1.3665315444204134	0.43	10.0
MNXM1136254	ECMDB04077	Glyceric acid	kegg	accession	1.41	1	1	True	0.0	0.0	1.41	1.41
MNXM1363862	ECMDB00660	D-Fructose	kegg	accession	1.383	1	1	False	0.0	0.0	1.383	1.383
MNXM1364098	ECMDB00660	D-Fructose	kegg	alias	1.383	1	1	False	0.0	0.0	1.383	1.383
MNXM729611	ECMDB00660	D-Fructose	kegg	alias	1.383	1	1	False	0.0	0.0	1.383	1.383
MNXM1363863	ECMDB00660	D-Fructose	kegg	alias	1.383	1	1	False	0.0	0.0	1.383	1.383
MNXM280	ECMDB01494	Acetylphosphate	kegg	accession	1.2056813923670255	3	3	True	0.07919031434411306	0.1719352992845235	1.05	1.56
MNXM10641	ECMDB01414	Putrescine	kegg	accession	1.1849664552859835	4	4	False	0.3926091421101483	1.0370151065765	0.281	3.06
MNXM394	ECMDB01342	Thymidine 5'-triphosphate	kegg	accession	1.1739304587682982	3	3	True	0.42286377394236463	0.9444826721501686	0.525	4.62
MNXM1364019	ECMDB04171	UDP-Glucose	kegg	accession	1.1568961812966057	3	4	True	0.2502539616540771	0.6552148773673393	0.553	2.5
MNXM1369177	ECMDB00150	Gluconolactone	kegg	accession	1.04	1	1	True	0.0	0.0	1.04	1.04
MNXM1368456	ECMDB00300	Uracil	kegg	accession	1.0130000000000001	1	1	False	0.0	0.0	1.0130000000000001	1.0130000000000001
MNXM1368457	ECMDB00300	Uracil	kegg	alias	1.0130000000000001	1	1	False	0.0	0.0	1.0130000000000001	1.0130000000000001
MNXM145	ECMDB04148	D-Ribulose 5-phosphate	kegg	accession	0.9738664538401409	3	4	True	0.4854334815086186	1.2284793285153695	0.078	1.32
MNXM1363910	ECMDB02033	D-Ribose-5-phosphate	kegg	accession	0.9738664538401409	3	3	True	0.11691170453010045	0.28424981549909817	0.686	1.32
MNXM1103205	ECMDB04147	Ribose-1-phosphate	kegg	accession	0.9738664538401409	3	3	True	0.11691170453010045	0.28424981549909817	0.686	1.32
MNXM186	ECMDB04178	Xylulose 5-phosphate	kegg	accession	0.9738664538401409	3	3	True	0.11691170453010045	0.28424981549909817	0.686	1.32
MNXM1238	ECMDB20169	L-Xylulose 5-phosphate	kegg	accession	0.9738664538401409	3	3	True	0.11691170453010045	0.28424981549909817	0.686	1.32
MNXM1137677	ECMDB11734	D-Arabinose 5-phosphate	kegg	accession	0.9738664538401409	3	3	True	0.11691170453010045	0.28424981549909817	0.686	1.32
MNXM732471	ECMDB00904	Citrulline	kegg	accession	0.8655876479514494	3	5	True	0.5464590226347136	1.550550171878196	0.038	1.35
MNXM732470	ECMDB00904	Citrulline	kegg	alias	0.8655876479514494	3	5	True	0.5464590226347136	1.550550171878196	0.038	1.35
MNXM1582139	ECMDB00904	Citrulline	kegg	alias	0.8655876479514494	3	5	True	0.5464590226347136	1.550550171878196	0.038	1.35
MNXM25	ECMDB00254	Succinic acid	kegg	accession	0.8428292637117158	3	4	True	0.16295993215841686	0.4495502453531477	0.5690000000000001	1.602
MNXM734080	ECMDB01316	6-Phosphogluconic acid	kegg	accession	0.662703936266869	3	6	True	0.41017829374022485	1.2907840411980191	0.193	3.77
MNXM26	ECMDB00042	Acetic acid	kegg	accession	0.658	1	1	False	0.0	0.0	0.658	0.658
MNXM1104266	ECMDB01206	Acetyl-CoA	kegg	accession	0.6536964241173738	3	7	True	0.6601092033377498	1.9626060729241268	0.008	0.734
MNXM1107821	ECMDB00168	L-Asparagine	kegg	accession	0.6444592547351623	3	5	True	1.1453454375372587	3.123448874145789	0.00073	0.97
MNXM1107820	ECMDB00168	L-Asparagine	kegg	alias	0.6444592547351623	3	5	True	1.1453454375372587	3.123448874145789	0.00073	0.97
MNXM73	ECMDB00263	Phosphoenolpyruvic acid	kegg	accession	0.6074289710178632	3	5	True	0.7610832401229644	2.085712113206583	0.011	1.34
MNXM124	ECMDB01257	Spermidine	kegg	accession	0.5946427498927402	2	2	False	0.660312775863681	1.320625551727362	0.13	2.72
MNXM943	ECMDB02322	Cadaverine	kegg	accession	0.5916079783099616	2	2	False	0.4710040265111566	0.9420080530223132	0.2	1.75
MNXM739527	ECMDB00517	L-Arginine	kegg	accession	0.5690000000000001	1	3	True	0.4340163457587921	0.9916842728321339	0.058	0.5690000000000001
MNXM1364268	ECMDB00182	L-Lysine	kegg	accession	0.5531841179239737	3	5	True	0.115967113871651	0.32444776943394255	0.361	0.762
MNXM1104065	ECMDB01254	Glucosamine 6-phosphate	kegg	accession	0.5159713342647605	3	4	True	0.22878419099907576	0.5610107577352078	0.316	1.1500000000000001
MNXM1104774	ECMDB01022	Succinyl-CoA	kegg	accession	0.5076850094310039	3	3	True	0.3329270627613736	0.7910065710692307	0.233	1.44
MNXM11	ECMDB04142	Pyrophosphate	kegg	accession	0.5	1	1	False	0.0	0.0	0.5	0.5
MNXM1368744	ECMDB04123	Oxoglutaric acid	kegg	accession	0.4955716254546305	3	3	True	0.0668141204732113	0.1431769859413559	0.443	0.616
MNXM1363767	ECMDB01185	S-Adenosylmethionine	kegg	accession	0.42823360467781235	3	4	True	0.5091007640538395	1.3979400086720377	0.044	1.1
MNXM1363766	ECMDB01185	S-Adenosylmethionine	kegg	alias	0.42823360467781235	3	4	True	0.5091007640538395	1.3979400086720377	0.044	1.1
MNXM114	ECMDB00162	L-Proline	kegg	accession	0.3972355954296652	3	6	True	0.19695964935255572	0.585026652029182	0.14300000000000002	0.55
MNXM152	ECMDB01274	dTDP	kegg	accession	0.378	1	1	True	0.0	0.0	0.378	0.378
MNXM123	ECMDB00165	L-Homocysteine	kegg	accession	0.37	1	1	True	0.0	0.0	0.37	0.37
MNXM1103302	ECMDB00095	Cytidine monophosphate	kegg	accession	0.36	1	1	True	0.0	0.0	0.36	0.36
MNXM2182	ECMDB00095	Cytidine monophosphate	kegg	alias	0.36	1	1	True	0.0	0.0	0.36	0.36
MNXM1104890	ECMDB04166	Uridine diphosphate glucuronic acid	kegg	accession	0.34171851946181464	3	5	True	0.2852914564271707	0.8337383388121975	0.083	0.5660000000000001
MNXM77	ECMDB01473	Dihydroxyacetone phosphate	kegg	accession	0.3104054078485327	3	3	True	0.23895568493428174	0.5682815649500039	0.147	0.544
MNXM732594	ECMDB01031	Deoxyribose 5-phosphate	kegg	accession	0.303	1	1	True	0.0	0.0	0.303	0.303
MNXM732487	ECMDB00157	Hypoxanthine	kegg	accession	0.277	1	1	False	0.0	0.0	0.277	0.277
MNXM29	ECMDB00123	Glycine	kegg	accession	0.27336788399517603	2	2	False	0.0656796288563482	0.1313592577126964	0.23500000000000001	0.318
MNXM1101868	ECMDB04085	Inosinic acid	kegg	accession	0.272	1	2	True	0.19074523027538948	0.38149046055077895	0.113	0.272
MNXM1107898	ECMDB00124	Fructose 6-phosphate	kegg	accession	0.2692582403567252	2	2	False	0.03222899461345924	0.06445798922691848	0.25	0.29
MNXM89629	ECMDB00124	Fructose 6-phosphate	kegg	alias	0.2692582403567252	2	2	False	0.03222899461345924	0.06445798922691848	0.25	0.29
MNXM732914	ECMDB20344	beta-D-Ribopyranose	kegg	accession	0.26	1	1	False	0.0	0.0	0.26	0.26
MNXM1108050	ECMDB20344	beta-D-Ribopyranose	kegg	alias	0.26	1	1	False	0.0	0.0	0.26	0.26
MNXM455	ECMDB00397	2-Pyrocatechuic acid	kegg	accession	0.25015546596795757	3	3	True	0.19678036012834557	0.4771212547196624	0.138	0.41400000000000003
MNXM40333	ECMDB01341	ADP	kegg	accession	0.2500232245090886	3	6	True	0.24304895075863153	0.5780928355710684	0.149	0.5640000000000001
MNXM164	ECMDB00500	4-Hydroxybenzoic acid	kegg	accession	0.22914398882295706	3	3	True	0.48776350685140013	1.1799713887242653	0.052000000000000005	0.787
MNXM738702	ECMDB04111	NADPH	kegg	accession	0.2181715116343556	3	5	True	0.23067774576712866	0.6654026566897504	0.121	0.56
MNXM66	ECMDB00126	Glycerol 3-phosphate	kegg	accession	0.2139967827856511	3	4	True	0.43801448443390584	1.2198944655655546	0.049	0.8130000000000001
MNXM727061	ECMDB00126	Glycerol 3-phosphate	kegg	alias	0.2139967827856511	3	4	True	0.43801448443390584	1.2198944655655546	0.049	0.8130000000000001
MNXM1103428	ECMDB00189	Inosine triphosphate	kegg	accession	0.20500000000000002	1	2	True	0.002108242200581756	0.004216484401163512	0.20500000000000002	0.20700000000000002
MNXM738068	ECMDB00574	L-Cysteine	kegg	accession	0.20400000000000004	1	1	False	0.0	0.0	0.20400000000000001	0.20400000000000001
MNXM2112	ECMDB00574	L-Cysteine	kegg	alias	0.20400000000000004	1	1	False	0.0	0.0	0.20400000000000001	0.20400000000000001
MNXM738067	ECMDB00574	L-Cysteine	kegg	alias	0.20400000000000004	1	1	False	0.0	0.0	0.20400000000000001	0.20400000000000001
MNXM737340	ECMDB00176	Fumaric acid	kegg	accession	0.19857127638062877	3	3	True	0.16793690192633193	0.3658134210109636	0.115	0.267
MNXM3511	ECMDB00805	Pyrrolidonecarboxylic acid	kegg	accession	0.197	1	1	False	0.0	0.0	0.197	0.197
MNXM722719	ECMDB00805	Pyrrolidonecarboxylic acid	kegg	alias	0.197	1	1	False	0.0	0.0	0.197	0.197
MNXM1364111	ECMDB01401	Glucose 6-phosphate	kegg	accession	0.1915550146652642	4	4	False	0.40228999289215944	1.1335389083702176	0.05	0.68
MNXM1364110	ECMDB01401	Glucose 6-phosphate	kegg	alias	0.1915550146652642	4	4	False	0.40228999289215944	1.1335389083702176	0.05	0.68
MNXM1105856	ECMDB01401	Glucose 6-phosphate	kegg	alias	0.1915550146652642	4	4	False	0.40228999289215944	1.1335389083702176	0.05	0.68
MNXM3302	ECMDB21406	2-Mercapto-1-methylimidazole	kegg	accession	0.186	1	1	False	0.0	0.0	0.186	0.186
MNXM1506428	ECMDB21406	2-Mercapto-1-methylimidazole	kegg	alias	0.186	1	1	False	0.0	0.0	0.186	0.186
MNXM39	ECMDB00142	Formic acid	kegg	accession	0.184	1	1	False	0.0	0.0	0.184	0.184
MNXM142	ECMDB00167	L-Threonine	kegg	accession	0.179	1	3	True	0.06240471533683782	0.15248248586233015	0.126	0.179
MNXM728337	ECMDB00172	L-Isoleucine	kegg	accession	0.17768644034984782	3	6	True	0.2759143931835433	0.8239087409443188	0.033	0.22
MNXM59280	ECMDB00172	L-Isoleucine	kegg	alias	0.17768644034984782	3	6	True	0.2759143931835433	0.8239087409443188	0.033	0.22
MNXM1106761	ECMDB00687	L-Leucine	kegg	accession	0.17768644034984782	3	6	True	0.0971554929964664	0.2710667722865381	0.12	0.224
MNXM8497	ECMDB00687	L-Leucine	kegg	alias	0.17768644034984782	3	6	True	0.0971554929964664	0.2710667722865381	0.12	0.224
MNXM1103953	ECMDB21413	Cytidine monophosphate N-acetylneuraminic acid	kegg	accession	0.169	1	1	False	0.0	0.0	0.169	0.169
MNXM728294	ECMDB00045	Adenosine monophosphate	kegg	accession	0.16420413802183437	3	5	True	0.4980847304344723	1.3953523476983956	0.101	2.5100000000000002
MNXM1102173	ECMDB00045	Adenosine monophosphate	kegg	alias	0.16420413802183437	3	5	True	0.4980847304344723	1.3953523476983956	0.101	2.5100000000000002
MNXM1104453	ECMDB00280	Phosphoribosyl pyrophosphate	kegg	accession	0.15481498562935186	3	3	True	0.1790501772796934	0.4384918523635314	0.094	0.258
MNXM588097	ECMDB21410	Nicotinamide hypoxanthine dinucleotide	kegg	accession	0.146	1	1	False	0.0	0.0	0.146	0.146
MNXM1102191	ECMDB01546	CDP	kegg	accession	0.14400000000000002	1	1	False	0.0	0.0	0.14400000000000002	0.14400000000000002
MNXM2139	ECMDB21401	N-Acetyl-L-aspartic acid	kegg	accession	0.14100000000000001	1	1	False	0.0	0.0	0.14100000000000001	0.14100000000000001
MNXM817	ECMDB03357	N-Acetylornithine	kegg	accession	0.13753029415151527	3	5	True	0.974995729201381	2.8145532370629205	0.00061	0.398
MNXM12322	ECMDB03357	N-Acetylornithine	kegg	alias	0.13753029415151527	3	5	True	0.974995729201381	2.8145532370629205	0.00061	0.398
MNXM1373739	ECMDB03357	N-Acetylornithine	kegg	alias	0.13753029415151527	3	5	True	0.974995729201381	2.8145532370629205	0.00061	0.398
MNXM730221	ECMDB00205	Phenylpyruvic acid	kegg	accession	0.1374610357914749	3	3	True	0.13895090246564487	0.3357921019231933	0.09	0.195
MNXM4668	ECMDB21409	Methyl sulfate	kegg	accession	0.13	1	1	False	0.0	0.0	0.13	0.13
MNXM1104823	ECMDB00288	Uridine 5'-monophosphate	kegg	accession	0.129	1	1	False	0.0	0.0	0.129	0.129
MNXM1364149	ECMDB01248	FAD	kegg	accession	0.12100300518456555	3	4	True	0.2757620528108174	0.6299502060825404	0.049	0.209
MNXM501	ECMDB01276	N1-Acetylspermidine	kegg	accession	0.11357816691600546	2	2	False	0.578173600429962	1.156347200859924	0.03	0.43
MNXM10	ECMDB01487	NADH	kegg	accession	0.113066476143757	3	3	True	0.09527474209187331	0.21125567611893215	0.083	0.135
MNXM465	ECMDB00828	Ureidosuccinic acid	kegg	accession	0.11275940141500189	3	4	True	0.5649028942560785	1.3394882474831569	0.027	0.59
MNXM1371727	ECMDB00930	trans-Cinnamic acid	kegg	accession	0.11063453348751465	2	2	False	0.08964819946544639	0.17929639893089278	0.09	0.136
MNXM738804	ECMDB00696	L-Methionine	kegg	accession	0.10727550048109094	3	6	True	0.24364920424803616	0.6842467475153124	0.03	0.145
MNXM738803	ECMDB00696	L-Methionine	kegg	alias	0.10727550048109094	3	6	True	0.24364920424803616	0.6842467475153124	0.03	0.145
MNXM1364214	ECMDB01586	Glucose 1-phosphate	kegg	accession	0.10664766045910049	3	3	False	0.45145720825319047	1.0974361117785136	0.033	0.41300000000000003
MNXM525944	ECMDB01586	Glucose 1-phosphate	kegg	alias	0.10664766045910049	3	3	False	0.45145720825319047	1.0974361117785136	0.033	0.41300000000000003
MNXM1364212	ECMDB01586	Glucose 1-phosphate	kegg	alias	0.10664766045910049	3	3	False	0.45145720825319047	1.0974361117785136	0.033	0.41300000000000003
MNXM1107769	ECMDB00177	L-Histidine	kegg	accession	0.10525862173434825	3	6	True	1.026602854052636	3.02864518144953	0.00022	0.23500000000000001
MNXM737787	ECMDB00187	L-Serine	kegg	accession	0.09930180322449615	3	5	True	0.2962833561697	0.8540528826671834	0.048	0.343
MNXM728255	ECMDB00958	trans-Aconitic acid	kegg	accession	0.08313843876330612	2	2	True	0.06246936830414995	0.1249387366082999	0.07200000000000001	0.096
MNXM1105798	ECMDB01367	N-Acetyl-glucosamine 1-phosphate	kegg	accession	0.082	1	1	True	0.0	0.0	0.082	0.082
MNXM243	ECMDB00058	Cyclic AMP	kegg	accession	0.07513339224243908	3	3	True	0.25506981462189987	0.6202848114341615	0.035	0.146
MNXM118	ECMDB20274	Ethylenediamine	kegg	accession	0.07	1	1	False	0.0	0.0	0.07	0.07
MNXM1108290	ECMDB21396	Urocanic acid	kegg	accession	0.069	1	1	False	0.0	0.0	0.069	0.069
MNXM1108291	ECMDB21396	Urocanic acid	kegg	alias	0.069	1	1	False	0.0	0.0	0.069	0.069
MNXM1103285	ECMDB01201	Guanosine diphosphate	kegg	accession	0.06541073246416722	3	5	True	0.6090470989456697	1.5746741908383297	0.018000000000000002	0.676
MNXM13159	ECMDB21411	Triethanolamine	kegg	accession	0.06099999999999999	1	1	False	0.0	0.0	0.061	0.061
MNXM735047	ECMDB21326	dADP	kegg	accession	0.053	1	1	False	0.0	0.0	0.053	0.053
MNXM736654	ECMDB01044	2'-Deoxyguanosine 5'-monophosphate	kegg	accession	0.05100000000000001	1	1	True	0.0	0.0	0.051000000000000004	0.051000000000000004
MNXM76	ECMDB00158	L-Tyrosine	kegg	accession	0.050812847309678534	3	5	True	0.17994071703122824	0.4771212547196626	0.029	0.08700000000000001
MNXM216	ECMDB01406	Niacinamide	kegg	accession	0.044000000000000004	1	1	False	0.0	0.0	0.044	0.044
MNXM192	ECMDB04017	gamma-Aminobutyric acid	kegg	accession	0.044000000000000004	1	1	False	0.0	0.0	0.044	0.044
MNXM341	ECMDB00625	Gluconic acid	kegg	accession	0.041999999999999996	1	1	True	0.0	0.0	0.042	0.042
MNXM1092518	ECMDB00072	cis-Aconitic acid	kegg	accession	0.039191835884530846	2	2	True	0.3890756251918218	0.7781512503836436	0.016	0.096
MNXM286	ECMDB01532	dATP	kegg	accession	0.03814166878385249	3	4	True	0.24911540867504575	0.6283889300503116	0.016	0.068
MNXM1105762	ECMDB01197	FADH2	kegg	accession	0.038000000000000006	1	1	False	0.0	0.0	0.038	0.038
MNXM729595	ECMDB00060	Acetoacetic acid	kegg	accession	0.037000000000000005	1	1	False	0.0	0.0	0.037	0.037
MNXM1106093	ECMDB01175	Malonyl-CoA	kegg	accession	0.035	1	1	True	0.0	0.0	0.035	0.035
MNXM360	ECMDB00998	dCTP	kegg	accession	0.033999999999999996	1	2	True	0.15051499783199063	0.30102999566398125	0.017	0.034
MNXM328	ECMDB01432	Agmatine	kegg	accession	0.03316624790355401	2	2	False	0.5206963425791125	1.041392685158225	0.01	0.11
MNXM840	ECMDB21404	2,4-Diaminobutyric acid	kegg	accession	0.03300000000000001	1	1	False	0.0	0.0	0.033	0.033
MNXM300	ECMDB00271	Sarcosine	kegg	accession	0.03249615361854385	2	2	False	0.006681980778990737	0.013363961557981474	0.032	0.033
MNXM1103335	ECMDB00195	Inosine	kegg	accession	0.030999999999999993	1	1	False	0.0	0.0	0.031	0.031
MNXM491562	ECMDB00195	Inosine	kegg	alias	0.030999999999999993	1	1	False	0.0	0.0	0.031	0.031
MNXM46	ECMDB00223	Oxalacetic acid	kegg	accession	0.029999999999999995	1	1	False	0.0	0.0	0.03	0.03
MNXM741664	ECMDB00159	L-Phenylalanine	kegg	accession	0.027329300746880957	3	5	True	0.20233332359551692	0.5642714304385625	0.018000000000000002	0.066
MNXM741663	ECMDB00159	L-Phenylalanine	kegg	alias	0.027329300746880957	3	5	True	0.20233332359551692	0.5642714304385625	0.018000000000000002	0.066
MNXM1104545	ECMDB01178	Adenosine diphosphate ribose	kegg	accession	0.025999999999999995	1	1	False	0.0	0.0	0.026000000000000002	0.026000000000000002
MNXM527	ECMDB01178	Adenosine diphosphate ribose	kegg	alias	0.025999999999999995	1	1	False	0.0	0.0	0.026000000000000002	0.026000000000000002
MNXM3816	ECMDB21408	Isobutylamine	kegg	accession	0.025999999999999995	1	1	False	0.0	0.0	0.026000000000000002	0.026000000000000002
MNXM1101285	ECMDB01397	Guanosine monophosphate	kegg	accession	0.023999999999999997	1	2	True	0.2324433991513254	0.4648867983026508	0.024	0.07
MNXM1104559	ECMDB03335	IDP	kegg	accession	0.023999999999999997	1	2	True	0.24742501084004698	0.49485002168009395	0.024	0.075
MNXM2922	ECMDB21400	Pterin	kegg	accession	0.023999999999999997	1	1	False	0.0	0.0	0.024	0.024
MNXM128	ECMDB21195	Calcium	kegg	accession	0.0232379000772445	2	2	False	2.4119543704721593	4.823908740944319	8.999999999999999e-05	6.0
MNXM1103802	ECMDB01484	Acetoacetyl-CoA	kegg	accession	0.022	1	1	True	0.0	0.0	0.022	0.022
MNXM1364147	ECMDB01520	Flavin Mononucleotide	kegg	accession	0.020349683764179855	3	3	True	0.587914323580361	1.2471546148811263	0.003	0.053
MNXM741174	ECMDB00214	Ornithine	kegg	accession	0.020327927136297073	3	5	True	0.5048208071215782	1.4265112613645754	0.01	0.267
MNXM1371056	ECMDB21397	Citraconic acid	kegg	accession	0.02	1	1	False	0.0	0.0	0.02	0.02
MNXM1371057	ECMDB21397	Citraconic acid	kegg	alias	0.02	1	1	False	0.0	0.0	0.02	0.02
MNXM731023	ECMDB21399	Azelaic acid	kegg	accession	0.02	1	1	False	0.0	0.0	0.02	0.02
MNXM7301	ECMDB21405	Diethanolamine	kegg	accession	0.02	1	1	False	0.0	0.0	0.02	0.02
MNXM270	ECMDB00244	Riboflavin	kegg	accession	0.01995154938835821	3	3	True	0.030013892085029734	0.06366907986937731	0.019	0.022
MNXM1105684	ECMDB01514	Glucosamine	kegg	accession	0.019	1	1	False	0.0	0.0	0.019	0.019
MNXM1505677	ECMDB01514	Glucosamine	kegg	alias	0.019	1	1	False	0.0	0.0	0.019	0.019
MNXM503919	ECMDB01514	Glucosamine	kegg	alias	0.019	1	1	False	0.0	0.0	0.019	0.019
MNXM741553	ECMDB00929	L-Tryptophan	kegg	accession	0.018219533831253968	3	5	True	0.15654016574568247	0.4259687322722814	0.009000000000000001	0.024
MNXM1281	ECMDB03431	L-Histidinol	kegg	accession	0.017031084994052675	3	3	True	0.0834399770578456	0.18708664335714453	0.013000000000000001	0.02
MNXM353	ECMDB02251	L-Homoserine	kegg	accession	0.015999999999999997	1	1	False	0.0	0.0	0.016	0.016
MNXM761	ECMDB00630	Cytosine	kegg	accession	0.013999999999999993	1	2	True	0.07306401783911898	0.14612803567823796	0.01	0.014
MNXM602	ECMDB03070	Shikimic acid	kegg	accession	0.013999999999999993	1	1	True	0.0	0.0	0.014	0.014
MNXM144	ECMDB00056	beta-Alanine	kegg	accession	0.011999999999999999	1	1	False	0.0	0.0	0.012	0.012
MNXM733114	ECMDB00132	Guanine	kegg	accession	0.011916081170531532	3	4	True	0.8000042423854125	1.7970365945440172	0.003	0.188
MNXM34885	ECMDB21403	2-Aminoisobutyric acid	kegg	accession	0.011000000000000005	1	1	False	0.0	0.0	0.011	0.011
MNXM432	ECMDB00905	Deoxyadenosine monophosphate	kegg	accession	0.009	1	2	True	0.0959427631194566	0.1918855262389132	0.009000000000000001	0.014
MNXM1104531	ECMDB21402	Isobutyryl-CoA	kegg	accession	0.007999999999999997	1	1	False	0.0	0.0	0.008	0.008
MNXM1103086	ECMDB01003	Adenosine phosphosulfate	kegg	accession	0.007000000000000003	1	1	True	0.0	0.0	0.007	0.007
MNXM1364200	ECMDB02005	Methionine sulfoxide	kegg	accession	0.007000000000000003	1	1	False	0.0	0.0	0.007	0.007
MNXM1364201	ECMDB02005	Methionine sulfoxide	kegg	alias	0.007000000000000003	1	1	False	0.0	0.0	0.007	0.007
MNXM1105941	ECMDB00160	Inositol	kegg	accession	0.006649399761150975	3	3	True	0.03155901928431716	0.06694678963061307	0.006	0.007
MNXM1364151	ECMDB00160	Inositol	kegg	alias	0.006649399761150975	3	3	True	0.03155901928431716	0.06694678963061307	0.006	0.007
MNXM1371101	ECMDB00160	Inositol	kegg	alias	0.006649399761150975	3	3	True	0.03155901928431716	0.06694678963061307	0.006	0.007
MNXM727692	ECMDB00160	Inositol	kegg	alias	0.006649399761150975	3	3	True	0.03155901928431716	0.06694678963061307	0.006	0.007
MNXM1364152	ECMDB00160	Inositol	kegg	alias	0.006649399761150975	3	3	True	0.03155901928431716	0.06694678963061307	0.006	0.007
MNXM252	ECMDB00528	4,5-Dihydroorotic acid	kegg	accession	0.006214465011907721	3	3	True	0.20591174772227272	0.4771212547196624	0.004	0.012
MNXM684	ECMDB21385	Pipecolic acid	kegg	accession	0.005999999999999998	1	1	False	0.0	0.0	0.006	0.006
MNXM1364266	ECMDB01275	Propionyl-CoA	kegg	accession	0.005000000000000002	1	1	True	0.0	0.0	0.005	0.005
MNXM731667	ECMDB00062	Carnitine	kegg	accession	0.004000000000000002	1	1	False	0.0	0.0	0.004	0.004
MNXM1105736	ECMDB00062	Carnitine	kegg	alias	0.004000000000000002	1	1	False	0.0	0.0	0.004	0.004
MNXM1105737	ECMDB00062	Carnitine	kegg	alias	0.004000000000000002	1	1	False	0.0	0.0	0.004	0.004
MNXM1105977	ECMDB06557	ADP-Glucose	kegg	accession	0.004000000000000002	1	1	True	0.0	0.0	0.004	0.004
MNXM555	ECMDB00232	Quinolinic acid	kegg	accession	0.0037797631496846174	3	3	True	0.4672219067234737	1.1249387366083001	0.0009000000000000001	0.012
MNXM188	ECMDB01123	2-Aminobenzoic acid	kegg	accession	0.003000000000000002	3	4	True	0.09606332648278883	0.22184874961635614	0.003	0.005
MNXM1363925	ECMDB00089	Cytidine	kegg	accession	0.002999999999999999	1	1	True	0.0	0.0	0.003	0.003
MNXM1508303	ECMDB00089	Cytidine	kegg	alias	0.002999999999999999	1	1	True	0.0	0.0	0.003	0.003
MNXM625	ECMDB00101	Deoxyadenosine	kegg	accession	0.002999999999999999	1	1	True	0.0	0.0	0.003	0.003
MNXM5	ECMDB00217	NADP	kegg	accession	0.0020000000000000005	1	4	True	0.9094604101470228	2.4983105537896004	0.002	0.63
MNXM1103400	ECMDB00133	Guanosine	kegg	accession	0.0020000000000000005	1	2	True	0.5484550065040282	1.0969100130080565	0.002	0.025
MNXM901	ECMDB20167	L-Ribulose 5-phosphate	kegg	accession	0.0020000000000000005	2	2	False	0.0	0.0	0.002	0.002
MNXM258	ECMDB02649	D-Erythrose 4-phosphate	kegg	accession	0.0017320508075688772	2	2	False	0.2385606273598313	0.4771212547196626	0.001	0.003
MNXM168	ECMDB00034	Adenine	kegg	accession	0.0010000000000000002	3	5	True	0.8801670673626919	2.0086001717619175	0.001	0.10200000000000001
MNXM419	ECMDB00239	Pyridoxine	kegg	accession	0.0010000000000000002	1	1	False	0.0	0.0	0.001	0.001
MNXM647	ECMDB00085	Deoxyguanosine	kegg	accession	0.0005200000000000002	1	1	True	0.0	0.0	0.0005200000000000001	0.0005200000000000001
MNXM660	ECMDB02654	Phenylethylamine	kegg	accession	0.0004300000000000001	1	1	False	0.0	0.0	0.00043	0.00043
MNXM736064	ECMDB00725	Hydroxyproline	kegg	accession	0.0003100000000000002	1	1	False	0.0	0.0	0.00031	0.00031
MNXM90406	ECMDB00725	Hydroxyproline	kegg	alias	0.0003100000000000002	1	1	False	0.0	0.0	0.00031	0.00031
MNXM1505918	ECMDB00725	Hydroxyproline	kegg	alias	0.0003100000000000002	1	1	False	0.0	0.0	0.00031	0.00031
MNXM732620	ECMDB21232	Hydrogen peroxide	kegg	accession	0.00021213203435596414	2	2	False	0.07133375178436574	0.14266750356873148	0.00017999999999999998	0.00025
MNXM1105760	ECMDB00050	Adenosine	kegg	accession	0.0001299999999999999	1	2	True	1.3392241685957085	2.678448337191417	0.00013000000000000002	0.062
MNXM472056	ECMDB00050	Adenosine	kegg	alias	0.0001299999999999999	1	2	True	1.3392241685957085	2.678448337191417	0.00013000000000000002	0.062
MNXM731145	ECMDB10691	CL(18:1(9Z)/18:1(9Z)/18:1(9Z)/18:1(9Z))	kegg	accession	4.638000000000004e-05	1	1	False	0.0	0.0	4.638e-05	4.638e-05
MNXM1563931	ECMDB10691	CL(18:1(9Z)/18:1(9Z)/18:1(9Z)/18:1(9Z))	kegg	alias	4.638000000000004e-05	1	1	False	0.0	0.0	4.638e-05	4.638e-05
MNXM731147	ECMDB10691	CL(18:1(9Z)/18:1(9Z)/18:1(9Z)/18:1(9Z))	kegg	alias	4.638000000000004e-05	1	1	False	0.0	0.0	4.638e-05	4.638e-05
MNXM731148	ECMDB10691	CL(18:1(9Z)/18:1(9Z)/18:1(9Z)/18:1(9Z))	kegg	alias	4.638000000000004e-05	1	1	False	0.0	0.0	4.638e-05	4.638e-05
